epoch,train loss,test loss
0,0.650800347328186,0.6640185604924741
